0,Jan,January,31,31                       
1,Feb,February,28,29                    
2,Mar,March,31,31                    
3,Apr,April,30,30                    
4,May,May,31,31                        
5,Jun,June,30,30                       
6,Jul,July,31,31,                        
7,Aug,August,31,31,                        
8,Sep,September,30,30                        
9,Oct,October,31,31                        
10,Nov,November,30,30                        
11,Dec,December,31,31                        
